LICENSE
MANIFEST.in
README.md
requirements.txt
requirements_extra.txt
setup.cfg
setup.py
superannotate/__init__.py
superannotate/__main__.py
superannotate/annotation_helpers.py
superannotate/api.py
superannotate/common.py
superannotate/dataframe_filtering.py
superannotate/dicom_converter.py
superannotate/exceptions.py
superannotate/old_to_new_format_convertor.py
superannotate/parameter_decorators.py
superannotate/version.py
superannotate.egg-info/PKG-INFO
superannotate.egg-info/SOURCES.txt
superannotate.egg-info/dependency_links.txt
superannotate.egg-info/entry_points.txt
superannotate.egg-info/requires.txt
superannotate.egg-info/top_level.txt
superannotate/analytics/__init__.py
superannotate/analytics/class_analytics.py
superannotate/analytics/common.py
superannotate/consensus_benchmark/__init__.py
superannotate/consensus_benchmark/benchmark.py
superannotate/consensus_benchmark/consensus.py
superannotate/consensus_benchmark/helpers.py
superannotate/db/__init__.py
superannotate/db/annotation_classes.py
superannotate/db/debug_interview.py
superannotate/db/exports.py
superannotate/db/images.py
superannotate/db/project_api.py
superannotate/db/project_images.py
superannotate/db/projects.py
superannotate/db/search_projects.py
superannotate/db/teams.py
superannotate/db/users.py
superannotate/input_converters/__init__.py
superannotate/input_converters/conversion.py
superannotate/input_converters/export_from_sa_conversions.py
superannotate/input_converters/import_to_sa_conversions.py
superannotate/input_converters/sa_conversion.py
superannotate/input_converters/converters/__init__.py
superannotate/input_converters/converters/baseStrategy.py
superannotate/input_converters/converters/converters.py
superannotate/input_converters/converters/sa_json_helper.py
superannotate/input_converters/converters/coco_converters/__init__.py
superannotate/input_converters/converters/coco_converters/coco_api.py
superannotate/input_converters/converters/coco_converters/coco_converter.py
superannotate/input_converters/converters/coco_converters/coco_strategies.py
superannotate/input_converters/converters/coco_converters/coco_to_sa_pixel.py
superannotate/input_converters/converters/coco_converters/coco_to_sa_vector.py
superannotate/input_converters/converters/coco_converters/sa_pixel_to_coco.py
superannotate/input_converters/converters/coco_converters/sa_vector_to_coco.py
superannotate/input_converters/converters/dataloop_converters/__init__.py
superannotate/input_converters/converters/dataloop_converters/dataloop_helper.py
superannotate/input_converters/converters/dataloop_converters/dataloop_strategies.py
superannotate/input_converters/converters/dataloop_converters/dataloop_to_sa_vector.py
superannotate/input_converters/converters/googlecloud_converters/__init__.py
superannotate/input_converters/converters/googlecloud_converters/googlecloud_strategies.py
superannotate/input_converters/converters/googlecloud_converters/googlecloud_to_sa_vector.py
superannotate/input_converters/converters/labelbox_converters/__init__.py
superannotate/input_converters/converters/labelbox_converters/labelbox_helper.py
superannotate/input_converters/converters/labelbox_converters/labelbox_strategies.py
superannotate/input_converters/converters/labelbox_converters/labelbox_to_sa_pixel.py
superannotate/input_converters/converters/labelbox_converters/labelbox_to_sa_vector.py
superannotate/input_converters/converters/sagemaker_converters/__init__.py
superannotate/input_converters/converters/sagemaker_converters/sagemaker_strategies.py
superannotate/input_converters/converters/sagemaker_converters/sagemaker_to_sa_pixel.py
superannotate/input_converters/converters/sagemaker_converters/sagemaker_to_sa_vector.py
superannotate/input_converters/converters/supervisely_converters/__init__.py
superannotate/input_converters/converters/supervisely_converters/supervisely_helper.py
superannotate/input_converters/converters/supervisely_converters/supervisely_strategies.py
superannotate/input_converters/converters/supervisely_converters/supervisely_to_sa_pixel.py
superannotate/input_converters/converters/supervisely_converters/supervisely_to_sa_vector.py
superannotate/input_converters/converters/vgg_converters/__init__.py
superannotate/input_converters/converters/vgg_converters/vgg_helper.py
superannotate/input_converters/converters/vgg_converters/vgg_strategies.py
superannotate/input_converters/converters/vgg_converters/vgg_to_sa_vector.py
superannotate/input_converters/converters/voc_converters/__init__.py
superannotate/input_converters/converters/voc_converters/voc_helper.py
superannotate/input_converters/converters/voc_converters/voc_strategies.py
superannotate/input_converters/converters/voc_converters/voc_to_sa_pixel.py
superannotate/input_converters/converters/voc_converters/voc_to_sa_vector.py
superannotate/input_converters/converters/vott_converters/__init__.py
superannotate/input_converters/converters/vott_converters/vott_strategies.py
superannotate/input_converters/converters/vott_converters/vott_to_sa_vector.py
superannotate/input_converters/converters/yolo_converters/__init__.py
superannotate/input_converters/converters/yolo_converters/yolo_strategies.py
superannotate/input_converters/converters/yolo_converters/yolo_to_sa_vector.py
superannotate/ml/__init__.py
superannotate/ml/defaults.py
superannotate/ml/ml_funcs.py
superannotate/ml/ml_models.py
superannotate/ml/utils.py
tests/converter_test/__init__.py
tests/converter_test/test_coco.py
tests/converter_test/test_coco_split.py
tests/converter_test/test_conversion.py
tests/converter_test/test_dataloop.py
tests/converter_test/test_googlecloud.py
tests/converter_test/test_json_version_conversion.py
tests/converter_test/test_labelbox.py
tests/converter_test/test_project_converter.py
tests/converter_test/test_sagemaker.py
tests/converter_test/test_supervisely.py
tests/converter_test/test_vgg.py
tests/converter_test/test_voc.py
tests/converter_test/test_vott.py
tests/converter_test/test_yolo.py